{
  "ridge": {
    "val": {
      "mae": 12.037054155167496,
      "rmse": 13.951300107874115,
      "r2": -0.07439790381065725
    }
  },
  "rf": {
    "val": {
      "mae": 11.883888333333335,
      "rmse": 13.76697559023344,
      "r2": -0.04619556624073029
    },
    "test": {
      "mae": 12.221063333333333,
      "rmse": 14.155902280615438,
      "r2": -0.049199053182835684
    }
  },
  "hgb": {
    "val": {
      "mae": 12.166180146934746,
      "rmse": 14.244647684490479,
      "r2": -0.12005465373027313
    }
  },
  "selected_model": "rf"
}