{
  "logreg": {
    "val": {
      "accuracy": 0.26666666666666666,
      "balanced_accuracy": 0.27975014116318464,
      "macro_f1": 0.2296724637318167,
      "confusion_matrix": [
        [
          10,
          10,
          4,
          4
        ],
        [
          11,
          6,
          4,
          1
        ],
        [
          22,
          25,
          22,
          23
        ],
        [
          2,
          2,
          2,
          2
        ]
      ]
    }
  },
  "rf": {
    "val": {
      "accuracy": 0.6133333333333333,
      "balanced_accuracy": 0.25,
      "macro_f1": 0.19008264462809918,
      "confusion_matrix": [
        [
          0,
          0,
          28,
          0
        ],
        [
          0,
          0,
          22,
          0
        ],
        [
          0,
          0,
          92,
          0
        ],
        [
          0,
          0,
          8,
          0
        ]
      ]
    }
  },
  "hgb": {
    "val": {
      "accuracy": 0.5866666666666667,
      "balanced_accuracy": 0.266410220214568,
      "macro_f1": 0.24271433412402577,
      "confusion_matrix": [
        [
          3,
          0,
          25,
          0
        ],
        [
          3,
          1,
          18,
          0
        ],
        [
          5,
          3,
          84,
          0
        ],
        [
          0,
          0,
          8,
          0
        ]
      ]
    },
    "test": {
      "accuracy": 0.6,
      "balanced_accuracy": 0.2820413282369804,
      "macro_f1": 0.2662976886661097,
      "confusion_matrix": [
        [
          3,
          1,
          24,
          0
        ],
        [
          1,
          2,
          20,
          0
        ],
        [
          3,
          1,
          85,
          2
        ],
        [
          0,
          0,
          8,
          0
        ]
      ]
    }
  },
  "selected_model": "hgb"
}